<?xml version="1.0" encoding="ISO-8859-1"?>
<!DOCTYPE log4j:configuration SYSTEM "log4j.dtd">

<!--
    Logging configuration for Apache Log4j
-->
<log4j:configuration xmlns:log4j="http://jakarta.apache.org/log4j/" debug="false">
    
    <!--
        Logging to console.
    -->
    <appender name="console" class="org.apache.log4j.ConsoleAppender">
        <layout class="org.apache.log4j.PatternLayout">
            <param name="ConversionPattern" value="%d %5p [%c] %m%n" />
        </layout>   
    </appender>

    <logger name="org.springframework">
        <level value="DEBUG"/>
    </logger>
    
    <logger name="ch.elca.training">
        <level value="INFO"/>
    </logger>
    
    <!--
        Default Log Level is INFO
        ALL > DEBUG > INFO > WARN > ERROR > FATAL
    -->
    <root>
        <level value="INFO"/>
        <appender-ref ref="console"/>
    </root>
</log4j:configuration>
