<?xml version="1.0" encoding="ISO-8859-1"?>
<log4j:configuration 
    xmlns:log4j="http://jakarta.apache.org/log4j/" 
    debug="true">
    
    <appender name="console" class="org.apache.log4j.ConsoleAppender">
        <layout class="org.apache.log4j.PatternLayout">
            <param name="ConversionPattern" value="%d %5p [%c] %m%n" />
        </layout>   
    </appender>

    <logger name="ch.elca.el4j.web.context.ModuleWebApplicationContext">
        <level value="DEBUG"/>
    </logger>

    <logger name="org.springframework">
        <level value="DEBUG"/>
    </logger>

    <root>
        <level value="WARN"/>
        <appender-ref ref="console"/>
    </root>
</log4j:configuration>
