<?xml version="1.0" encoding="UTF-8"?>

<beans xmlns="http://www.springframework.org/schema/beans" 
    xmlns:xsi="http://www.w3.org/2001/XMLSchema-instance"
    xmlns:context="http://www.springframework.org/schema/context"
    xmlns:util="http://www.springframework.org/schema/util"
    xmlns:mvc="http://www.springframework.org/schema/mvc"
    xsi:schemaLocation="http://www.springframework.org/schema/beans 
                        http://www.springframework.org/schema/beans/spring-beans-3.0.xsd
                        http://www.springframework.org/schema/context 
                        http://www.springframework.org/schema/context/spring-context-3.0.xsd
                        http://www.springframework.org/schema/util 
                        http://www.springframework.org/schema/util/spring-util-3.0.xsd
                        http://www.springframework.org/schema/mvc
                        http://www.springframework.org/schema/mvc/spring-mvc-3.0.xsd">

    <context:annotation-config />
    <context:component-scan base-package="ch.elca.training" />
    <mvc:annotation-driven />

    <!-- ================================================================ -->
    <!-- VIEW RESOLVER -->
    <!-- ================================================================ -->
    <bean id="viewResolver" class="org.springframework.web.servlet.view.InternalResourceViewResolver">
        <property name="viewClass" value="org.springframework.web.servlet.view.JstlView" />
        <!-- The views are always business -->
        <property name="prefix">
            <value>/WEB-INF/jsp/</value>
        </property>
        <property name="suffix">
            <value>.jsp</value>
        </property>
    </bean>

    <!-- ================================================================ -->
    <!--  I18N SUPPORT -->
    <!-- ================================================================ -->
    <bean id="messageSource" class="org.springframework.context.support.ResourceBundleMessageSource">
        <property name="basename" value="messages" />
    </bean>

    <bean id="localeResolver" class="org.springframework.web.servlet.i18n.SessionLocaleResolver" />
    <mvc:interceptors>
        <bean id="localeChangeInterceptor" class="org.springframework.web.servlet.i18n.LocaleChangeInterceptor" />
    </mvc:interceptors>

</beans>